Name,Date Time
Hello_Haseeb,2025-06-11 21:17:13
Hello_Haseeb,2025-06-11 21:22:33
Ahmed_Haseeb,2025-06-11 21:22:40
hey haseeb,2025-06-11 21:36:24
hey haseeb,2025-06-11 21:41:35
Ahmed_Haseeb,2025-06-11 21:41:39
hey haseeb,2025-06-11 21:44:44
hey haseeb,2025-06-11 21:48:14
hey haseeb,2025-06-11 21:48:19
hey haseeb,2025-06-11 21:48:25
hey haseeb,2025-06-11 21:48:31
hey haseeb,2025-06-11 21:48:36
hey haseeb,2025-06-11 21:52:40
hey haseeb,2025-06-11 21:52:46
hey haseeb,2025-06-11 21:52:52
hey haseeb,2025-06-11 21:55:26
hey haseeb,2025-06-11 21:55:31
hey haseeb,2025-06-11 21:58:53
hey haseeb,2025-06-11 21:58:59
Ahmed_Haseeb,2025-06-11 22:08:32
Ahmed_Haseeb,2025-06-11 22:08:38
Ahmed_Haseeb,2025-06-11 22:08:43
Hello_Haseeb,2025-06-11 22:17:37
Hello_Haseeb,2025-06-11 22:17:44
Hello_Haseeb,2025-06-11 22:17:49
Hello_Haseeb,2025-06-11 22:17:55
Hello_Haseeb,2025-06-11 22:18:03
Hello_Haseeb,2025-06-11 22:18:09
Hello_Haseeb,2025-06-11 22:28:30
hey haseeb,2025-06-11 22:28:31
Hello_Haseeb,2025-06-11 22:28:36
hey_buddy,2025-06-11 22:28:37
Hello_Haseeb,2025-06-11 22:28:41
hey haseeb,2025-06-11 22:28:46
Hello_Haseeb,2025-06-11 22:28:47
Ahmed_Haseeb,2025-06-11 22:28:52
Hello_Haseeb,2025-06-11 22:28:53
hey_buddy,2025-06-11 22:28:58
Hello_Haseeb,2025-06-11 22:29:00
hey_buddy,2025-06-11 23:21:48
hey_buddy,2025-06-11 23:21:54
hey_buddy,2025-06-11 23:22:01
hey_buddy,2025-06-11 23:22:07
hey_buddy,2025-06-12 13:32:24
hey_buddy,2025-06-12 13:32:30
hey_buddy,2025-06-12 13:32:55
hey_buddy,2025-06-12 13:33:01
hey_buddy,2025-06-12 13:33:08
hey_buddy,2025-06-12 13:33:13
hey_buddy,2025-06-12 13:33:20
hey_buddy,2025-06-12 13:33:26
hey_buddy,2025-06-12 13:33:32
hey_buddy,2025-06-12 13:33:39
hey_buddy,2025-06-12 13:33:44
hey_buddy,2025-06-12 13:33:50
hey_buddy,2025-06-12 13:33:56
hey_buddy,2025-06-12 13:34:03
hey_buddy,2025-06-12 13:34:09
hey_buddy,2025-06-12 13:34:15
hey_buddy,2025-06-12 13:34:22
hey_buddy,2025-06-12 13:34:28
hey_buddy,2025-06-12 13:36:01
hey_buddy,2025-06-12 13:36:07
hey_buddy,2025-06-12 13:36:12
